{
  "main": {
    "id": "5d2c5ee4654ea3a9",
    "type": "split",
    "children": [
      {
        "id": "966da301f4f71e4f",
        "type": "tabs",
        "children": [
          {
            "id": "ba2d0d35e4c64777",
            "type": "leaf",
            "state": {
              "type": "empty",
              "state": {}
            }
          }
        ]
      }
    ],
    "direction": "vertical"
  },
  "left": {
    "id": "1a2fcbfe04d48ba7",
    "type": "split",
    "children": [
      {
        "id": "d29e8a17b33701cc",
        "type": "tabs",
        "children": [
          {
            "id": "4d1fded5b80fb768",
            "type": "leaf",
            "state": {
              "type": "file-explorer",
              "state": {
                "sortOrder": "alphabetical"
              }
            }
          },
          {
            "id": "d7dacca1028a687c",
            "type": "leaf",
            "state": {
              "type": "search",
              "state": {
                "query": "",
                "matchingCase": false,
                "explainSearch": false,
                "collapseAll": false,
                "extraContext": false,
                "sortOrder": "alphabetical"
              }
            }
          },
          {
            "id": "0bfabd1307b9c3d1",
            "type": "leaf",
            "state": {
              "type": "bookmarks",
              "state": {}
            }
          }
        ]
      }
    ],
    "direction": "horizontal",
    "width": 666.5
  },
  "right": {
    "id": "7971af2fbc63090d",
    "type": "split",
    "children": [
      {
        "id": "d83cdae45a05903d",
        "type": "tabs",
        "children": [
          {
            "id": "93973e51cc0927e8",
            "type": "leaf",
            "state": {
              "type": "backlink",
              "state": {
                "collapseAll": false,
                "extraContext": false,
                "sortOrder": "alphabetical",
                "showSearch": false,
                "searchQuery": "",
                "backlinkCollapsed": false,
                "unlinkedCollapsed": true
              }
            }
          },
          {
            "id": "170265dff702f1c8",
            "type": "leaf",
            "state": {
              "type": "outgoing-link",
              "state": {
                "linksCollapsed": false,
                "unlinkedCollapsed": true
              }
            }
          },
          {
            "id": "516a165f1ee0ea35",
            "type": "leaf",
            "state": {
              "type": "tag",
              "state": {
                "sortOrder": "frequency",
                "useHierarchy": true
              }
            }
          },
          {
            "id": "05dc813c06ae1ab6",
            "type": "leaf",
            "state": {
              "type": "outline",
              "state": {}
            }
          }
        ]
      }
    ],
    "direction": "horizontal",
    "width": 300,
    "collapsed": true
  },
  "left-ribbon": {
    "hiddenItems": {
      "switcher:Open quick switcher": false,
      "graph:Open graph view": false,
      "canvas:Create new canvas": false,
      "daily-notes:Open today's daily note": false,
      "templates:Insert template": false,
      "command-palette:Open command palette": false
    }
  },
  "active": "4d1fded5b80fb768",
  "lastOpenFiles": []
}